镜号,时间,景别,画面内容,台词/旁白,音效,生成方式,宽度,高度,AI提示词,备注
1,0:00-0:05,黑屏,"黑屏，白字浮现：""公元前5世纪，德尔斐""",（无）,极轻的鼓声,后期制作,,,,,
2,0:05-0:12,远景,"德尔斐神庙远景，晨光，烟雾缭绕","旁白：""三千年前，人类向神提问。""",风声，远处鼓声,AI生成,1280,736,"Cinematic, ancient Greek historical epic style, photorealistic, 8k resolution, film grain texture, shallow depth of field, cinematic color grading with warm earth tones and golden highlights, subtle atmospheric haze, dramatic lighting. Wide establishing shot of the Temple of Apollo at Delphi, perched on the slopes of Mount Parnassus. Massive Doric columns rise against the morning sky. Golden sunlight breaks over the mountain peaks, casting long dramatic shadows. Sacred smoke drifts up from multiple altars inside the temple. The surrounding landscape is vast and timeless, valleys receding into mist. The camera slowly pushes in toward the temple entrance. Parched earth, scattered olive trees, distant mountains. Epic historical atmosphere.",
3,0:12-0:18,中景,"将军跪拜：""神谕在上，我是否该出兵？""","将军：""神谕在上，我是否该出兵？""",衣料摩擦声，火焰燃烧声,AI生成,1280,736,"Cinematic, ancient Greek historical epic style, photorealistic, 8k resolution, film grain texture, shallow depth of field, cinematic color grading with warm earth tones and golden highlights, subtle atmospheric haze, dramatic lighting. A Greek general in his late 40s, weathered face, short dark curly hair, prominent brow, deep-set eyes, short dark beard with grey streaks, bronze Corinthian-style helmet with red crest, bronze cuirass with leather pteruges, red tunic, crimson cloak, kneeling in supplication at the temple altar. His hands are raised upward, palms open, offering his question to the oracle. The sacred fire burns beside him, casting warm flickering light across his face. Sunlight streams through the temple columns, creating dramatic light rays. His expression is desperate, devoted, seeking answers from the gods. Authentic ancient Greek setting, stone altar, olive leaves scattered on the ground.",
4,0:18-0:22,特写,女祭司面部，眼神庄重,（无）,呼吸声,AI生成,1920,1080,"Cinematic, ancient Greek historical epic style, photorealistic, 8k resolution, film grain texture, extreme shallow depth of field, cinematic color grading with warm earth tones and golden highlights, dramatic lighting. Extreme close-up of a Greek Pythia priestess in her early 50s, sharp angular face with high cheekbones, silver-streaked dark hair, intense dark eyes with heavy eyelids, thin pale lips, wearing a white linen stola with gold trim, laurel wreath crown. Her expression is solemn and trance-like, her eyes burning with divine intensity. She gazes into the distance with otherworldly authority. Sacred firelight flickers across her face, casting sharp shadows across her features. Slow-motion shot, visible breath, subtle micro-expressions. Intimate portrait, cinematic, photorealistic, warm firelight.",
5,0:22-0:28,中景,女祭司深吸烟雾，动作缓慢而仪式化,（无）,吸气声，燃烧声,AI生成,1280,736,"Cinematic, ancient Greek historical epic style, photorealistic, 8k resolution, film grain texture, shallow depth of field, cinematic color grading with warm earth tones and golden highlights, subtle atmospheric haze, dramatic lighting. A Greek Pythia priestess in her early 50s, silver-streaked hair, white linen stola with gold trim, laurel wreath crown, bends slowly toward the sacred fire. She inhales deeply, drawing ceremonial smoke into her lungs. Her movements are deliberate, ritualistic, trance-like. Her eyes close as she enters a state of divine connection. The sacred fire burns before her, lighting her face from below. Sunlight and firelight mix, creating dramatic contrast. Her hands rest on the altar edge, fingers relaxed. Authentic ancient Greek temple interior, stone architecture, bronze ritual bowls.",
6,0:28-0:30,特写,女祭司目光短暂偏向左下角,（无）,（无）,AI生成,1920,1080,"Cinematic, ancient Greek historical epic style, photorealistic, 8k resolution, film grain texture, extreme shallow depth of field, cinematic color grading with warm earth tones and golden highlights, dramatic lighting. Extreme close-up of a Greek Pythia priestess's eyes. Her intense dark eyes flicker, pupil shifts subtly, darting downward to the lower left corner of the frame. A slight unease passes across her otherwise composed expression. The firelight catches the amber in her eyes. For just a moment, her trance wavers, revealing a glimpse of something behind the divine mask. Slow-motion, micro-expression, subtle eye movement. The camera holds steady, capturing the momentary lapse. Intimate, cinematic, photorealistic.",
7,0:30-0:32,极快速切,"0.5秒闪回：发光屏幕，绿色字符",（无）,电流声（极短）,后期制作,,,,,
8,0:32-0:38,中景,"女祭司庄严宣告：""神谕示下——先拆高地塔，以免对手一波翻盘。""","女祭司：""神谕示下——先拆高地塔，以免对手一波翻盘。""",语音带回音,AI生成,1280,736,"Cinematic, ancient Greek historical epic style, photorealistic, 8k resolution, film grain texture, shallow depth of field, cinematic color grading with warm earth tones and golden highlights, subtle atmospheric haze, dramatic lighting. A Greek Pythia priestess in her early 50s, silver-streaked dark hair, white linen stola with gold trim, laurel wreath crown, rises from her trance. Her eyes open wide, filled with divine fire. She speaks with a voice that echoes with otherworldly resonance. Her hands gesture authoritatively, claiming divine authority. The sacred fire flares behind her as she delivers her message. Her lips move precisely, pronouncing each word with dramatic weight. The temple interior fades around her, focus solely on her expression of unwavering certainty. Cinematic, photorealistic, warm firelight, shallow depth of field.",
9,0:38-0:42,特写,"将军茫然：""……高地……塔？""","将军（小声）：""……高地……塔？""",（无）,AI生成,1920,1080,"Cinematic, ancient Greek historical epic style, photorealistic, 8k resolution, film grain texture, extreme shallow depth of field, cinematic color grading with warm earth tones and golden highlights, dramatic lighting. Extreme close-up of a Greek general in his late 40s, weathered face, short dark curly hair, prominent brow, deep-set eyes, short dark beard, bronze cuirass with leather pteruges. His expression shifts from devotion to utter confusion. His brow furrows deeply, eyes wide with incomprehension. His lips part slightly, mouthing the words with blank confusion. The firelight flickers across his face, revealing the complete bewilderment etched into his features. He blinks slowly, trying to process what he just heard. Cinematic, photorealistic, shallow depth of field, intimate portrait of bewilderment.",
10,0:42-0:46,中景,"女祭司侧头，语气平淡：""就是先占制高点，再稳推进。听不懂没关系，记住就行。""","女祭司：""就是先占制高点，再稳推进。听不懂没关系，记住就行。""",语气下降,AI生成,1280,736,"Cinematic, ancient Greek historical epic style, photorealistic, 8k resolution, film grain texture, shallow depth of field, cinematic color grading with warm earth tones and golden highlights, subtle atmospheric haze, dramatic lighting. A Greek Pythia priestess in her early 50s, silver-streaked dark hair, white linen stola with gold trim, laurel wreath crown, tilts her head to the side slightly. Her divine fervor cools to a flat, pragmatic tone. She leans forward, speaking with a shrug of casual dismissal. Her voice drops in pitch, becoming almost conversational after the previous dramatic pronouncement. The fire crackles beside her. She waves a hand dismissively, as if explaining something obvious to a slow student. Cinematic, photorealistic, warm firelight, shallow depth of field.",
11,0:46-0:52,全景→快速转场,"将军退下，转场至战场",（无）,战鼓声渐入,AI生成,1280,736,"Cinematic, ancient Greek historical epic style, photorealistic, 8k resolution, film grain texture, shallow depth of field, cinematic color grading with warm earth tones and golden highlights, subtle atmospheric haze, dramatic lighting. Wide shot of a Greek general in his late 40s, bronze cuirass, crimson cloak, walking out of the temple entrance, descending stone steps. He looks back briefly, shaken by the oracle. The camera holds on the temple as he exits, then transitions with a rapid camera movement across the landscape, cutting to an open battlefield. Dust rising from marching boots, the distant sound of drums building in intensity. Bronze shields catching sunlight, spears raised. The landscape transforms from sacred stone to war-torn earth. Epic transition from oracle to battlefield.",
12,0:52-0:56,低角度仰拍,"将军佩剑出鞘，剑指天空，逆光剪影",（无）,剑出鞘声，静默半秒,AI生成,1280,736,"Cinematic, ancient Greek historical epic style, photorealistic, 8k resolution, film grain texture, shallow depth of field, cinematic color grading with warm earth tones and golden highlights, dramatic backlighting. Low-angle shot of a Greek general in his late 40s, bronze cuirass, crimson cloak, silhouetted against a dramatic sky. He draws his bronze sword from its sheath, raising it high toward the heavens. His body is backlit by the sun, creating a heroic silhouette. The blade catches the light, gleaming against the sky. His cloak billows in the wind. His head is tilted back, sword pointed directly upward, full of renewed purpose. The army waits behind him, a vast sea of soldiers. Epic, heroic, cinematic, photorealistic, dramatic sky.",
13,0:56-1:00,近景,"将军狂吼：""先拆高地塔！！！冲啊！！！""","将军：""先拆高地塔！！！冲啊！！！""",战鼓齐鸣,AI生成,1280,736,"Cinematic, ancient Greek historical epic style, photorealistic, 8k resolution, film grain texture, shallow depth of field, cinematic color grading with warm earth tones and golden highlights, dramatic lighting. Close-up of a Greek general in his late 40s, weathered face, short dark curly hair, deep-set eyes, short dark beard, bronze cuirass, crimson cloak, roaring his battle cry. His mouth is wide open, veins visible on his neck, face contorted with intensity. Sweat drips down his forehead. His eyes are wild with determination. He screams his command to the army, his voice carrying across the battlefield. His fist clenches, sword still raised. The wind whips his hair across his face. Dramatic, intense, photorealistic, cinematic, shallow depth of field, battle atmosphere.",
14,1:00-1:06,全景慢动作,"全军冲锋，画面慢放并定格",（无）,战鼓+冲锋声，渐弱,AI生成,1280,736,"Cinematic, ancient Greek historical epic style, photorealistic, 8k resolution, film grain texture, shallow depth of field, cinematic color grading with warm earth tones and golden highlights, dramatic lighting. Slow-motion wide shot of a massive Greek phalanx charging across the battlefield. Hundreds of bronze shields glinting in the sunlight, spears lowered, dust rising from the ground. The army surges forward in a wave of bronze and crimson. The camera tracks alongside the charge, maintaining focus on the lead soldiers. The general leads the charge, sword held high. The scene slows further, freezing at the peak of the charge, moment of impact captured in time. Epic, cinematic, photorealistic, dynamic, sweeping, historical battle sequence.",
15,1:06-1:10,黑屏,黑屏,"旁白：""这一战，赢了。""",静默,后期制作,,,,,
16,1:10-1:16,黑屏转场,"黑屏，白字：""营地，入夜""",（无）,木柴燃烧声,后期制作,,,,,
17,1:16-1:24,中景,"将军独自坐在营帐中，佩剑放在膝上",（无）,木柴燃烧声，风声,AI生成,1280,736,"Cinematic, ancient Greek historical epic style, photorealistic, 8k resolution, film grain texture, shallow depth of field, cinematic color grading with cool night tones and warm firelight, subtle atmospheric haze, dramatic lighting. A Greek general in his late 40s, bronze cuirass, crimson cloak, alone in his war tent at night. He sits on a simple camp stool, his bronze sword resting across his knees. His helmet sits on the ground beside him. His face is illuminated by a small campfire flickering in the tent. His expression is distant, troubled, burdened. The wind howls outside the tent, canvas flaps gently. His hand rests on the sword hilt, not with readiness but with unease. The firelight casts dancing shadows across his face. Intimate, cinematic, photorealistic, warm firelight against cool night.",
18,1:24-1:32,特写,"将军低声自语：""先拆高地塔……到底是什么意思？""","将军（轻声）：""先拆高地塔……到底是什么意思？""",（无）,AI生成,1920,1080,"Cinematic, ancient Greek historical epic style, photorealistic, 8k resolution, film grain texture, extreme shallow depth of field, cinematic color grading with cool night tones and warm firelight, dramatic lighting. Extreme close-up of a Greek general in his late 40s, weathered face, short dark curly hair, deep-set eyes, short dark beard, alone in his war tent at night. He whispers to himself, his lips barely moving. His brow is furrowed, eyes searching the darkness for answers that won't come. His hand rests on the sword hilt, fingers tapping slowly. The firelight flickers across his face, revealing the confusion etched into his features. Intimate, photorealistic, cinematic, shallow depth of field, late night introspection, soul-searching moment.",
19,1:32-1:40,黑屏转场,"黑屏，白字：""神庙，同一夜""",（无）,风声,后期制作,,,,,
20,1:40-1:48,中景,"女祭司独自坐在神庙中，祭坛火焰已燃尽，余烬映在终端屏幕上",（无）,余烬轻微的噼啪声,AI生成,1280,736,"Cinematic, ancient Greek historical epic style, photorealistic, 8k resolution, film grain texture, shallow depth of field, cinematic color grading with cool night tones and dying ember light, subtle atmospheric haze, dramatic lighting. A Greek Pythia priestess in her early 50s, silver-streaked dark hair, white linen stola with gold trim, laurel wreath crown, sits alone in the dark temple at night. The sacred fire has burned down to dying embers. Before her sits a glowing tablet screen or holographic interface, its reflection casting pale light on her face. The embers and the screen provide the only light in the room. Her expression is troubled, uneasy, burdened. Her hands hover above the screen, not touching it. The contrast between ancient stone and digital light. Cinematic, photorealistic, warm ember glow mixed with cool digital light, shallow depth of field.",
21,1:48-1:56,特写,"女祭司低声自语：""先拆高地塔……是什么意思？""","女祭司（轻声）：""先拆高地塔……是什么意思？""",（无）,AI生成,1920,1080,"Cinematic, ancient Greek historical epic style, photorealistic, 8k resolution, film grain texture, extreme shallow depth of field, cinematic color grading with cool night tones and dying ember light, dramatic lighting. Extreme close-up of a Greek Pythia priestess in her early 50s, sharp angular face, silver-streaked dark hair, intense dark eyes, thin pale lips, laurel wreath crown, alone in the dark temple at night. She whispers to herself, her voice barely audible. Her brow furrows deeply, eyes searching. The dying embers reflect in her pupils, creating a distant glow. Her fingers touch her temple, contemplating the strange message she delivered. Intimate, photorealistic, cinematic, shallow depth of field, late night introspection, soul-searching moment.",
22,1:56-2:08,分屏,"左屏：将军望向远方战场。右屏：女祭司望向星辰夜空。持续4秒",（无）,风声渐强,后期合成_分屏,3840,1080,"【左屏】Cinematic, ancient Greek historical epic style, photorealistic, 8k resolution, film grain texture, shallow depth of field, cinematic color grading with cool night tones and warm firelight, dramatic lighting. A Greek general in his late 40s, weathered face, bronze cuirass, crimson cloak, sits at the entrance of his war tent. He looks out across the battlefield, his gaze piercing through the darkness toward the distant horizon. Wind blows through his hair, tent canvas flapping behind him. His eyes are tired but determined. Intimate, cinematic, photorealistic, nighttime, soulful gaze. 4 seconds of continuous shot. 【右屏】Cinematic, ancient Greek historical epic style, photorealistic, 8k resolution, film grain texture, shallow depth of field, cinematic color grading with cool night tones, subtle atmospheric haze, dramatic lighting. A Greek Pythia priestess in her early 50s, sharp angular face, silver-streaked dark hair, white linen stola with gold trim, laurel wreath crown, stands at the temple entrance, looking upward into the night sky. She gazes through the mist toward the stars, her face a mask of quiet contemplation. Distant mountains shrouded in fog. The wind moves through her robe. Intimate, cinematic, photorealistic, nighttime, starry sky, soulful gaze. 4 seconds of continuous shot.",
23,2:08-2:14,黑屏,黑屏，停顿,（无）,静默,后期制作,,,,,
24,2:14-2:20,黑屏白字,"白字浮现：""三千年来，人类向黑箱提问。""",旁白,静默,后期制作,,,,,
25,2:20-2:26,黑屏白字,"白字浮现：""三千年来，黑箱给出答案。""",旁白,静默,后期制作,,,,,
26,2:26-2:32,黑屏白字,"白字浮现：""唯一没变的——没有人敢质疑这个答案。""",旁白,静默,后期制作,,,,,
27,2:32-2:38,黑屏白字,"白字浮现：""你以为AI是魔法？""",女声旁白,（无）,后期制作,,,,,
28,2:38-2:42,黑屏,停顿1秒,（无）,静默,后期制作,,,,,
29,2:42-2:48,黑屏白字,"白字浮现：""其实AI是历史的轮回。""",女声旁白,（无）,后期制作,,,,,
30,2:48-2:54,Logo,"系列Logo浮现：""白箱AI——可追溯，才是可信的底线。""",冷静的男/女声旁白,（无）,后期制作,,,,,